{"cameraMode":{"drawMode":0,"name":"Shaded","section":"Shading Mode"},"sceneLighting":true,"audioPlay":false,"sceneViewState":{"showFog":false,"showMaterialUpdate":false,"showSkybox":true,"showFlares":true,"showImageEffects":true,"showParticleSystems":true},"in2DMode":false,"pivot":{"x":120.30805969238281,"y":102.98117065429688,"z":12.794731140136719},"rotation":{"x":-0.015306421555578709,"y":-0.01889958791434765,"z":0.00028937566094100475,"w":-0.9997057318687439},"size":63.854373931884769,"orthographic":false}