{"cameraMode":{"drawMode":0,"name":"Shaded","section":"Shading Mode"},"sceneLighting":true,"audioPlay":false,"sceneViewState":{"showFog":false,"showMaterialUpdate":false,"showSkybox":true,"showFlares":true,"showImageEffects":true,"showParticleSystems":true},"in2DMode":false,"pivot":{"x":56.62451171875,"y":-1.359619140625,"z":-6.283203125},"rotation":{"x":0.028449812904000284,"y":0.9713450074195862,"z":-0.17706552147865296,"w":0.15605713427066804},"size":64.39279174804688,"orthographic":true}