{"cameraMode":{"drawMode":0,"name":"Shaded","section":"Shading Mode"},"sceneLighting":true,"audioPlay":false,"sceneViewState":{"showFog":false,"showMaterialUpdate":false,"showSkybox":true,"showFlares":true,"showImageEffects":true,"showParticleSystems":true},"in2DMode":false,"pivot":{"x":-0.0474853515625,"y":1.22198486328125,"z":-0.2451171875},"rotation":{"x":-0.0009766414295881987,"y":0.9989064335823059,"z":-0.024288101121783258,"w":-0.040177494287490848},"size":1.8463197946548463,"orthographic":true}