{"cameraMode":{"drawMode":0,"name":"Shaded","section":"Shading Mode"},"sceneLighting":true,"audioPlay":false,"sceneViewState":{"showFog":false,"showMaterialUpdate":false,"showSkybox":true,"showFlares":true,"showImageEffects":true,"showParticleSystems":true},"in2DMode":false,"pivot":{"x":1.9660015106201172,"y":3.2498350143432619,"z":-2.710615873336792},"rotation":{"x":0.1688079982995987,"y":0.8307332396507263,"z":-0.359406441450119,"w":0.39026662707328799},"size":14.532970428466797,"orthographic":false}