{"cameraMode":{"drawMode":0,"name":"Shaded","section":"Shading Mode"},"sceneLighting":true,"audioPlay":false,"sceneViewState":{"showFog":false,"showMaterialUpdate":false,"showSkybox":true,"showFlares":true,"showImageEffects":true,"showParticleSystems":true},"in2DMode":false,"pivot":{"x":52.690914154052737,"y":5.965719699859619,"z":-15.326559066772461},"rotation":{"x":-0.03780005872249603,"y":0.010145391337573529,"z":-0.0003644048410933465,"w":-0.9992697238922119},"size":2.5349209308624269,"orthographic":false}