{"cameraMode":{"drawMode":0,"name":"Shaded","section":"Shading Mode"},"sceneLighting":false,"audioPlay":false,"sceneViewState":{"showFog":false,"showMaterialUpdate":false,"showSkybox":false,"showFlares":true,"showImageEffects":true,"showParticleSystems":true},"in2DMode":false,"pivot":{"x":-1.4437370300292969,"y":22.343364715576173,"z":15.471054077148438},"rotation":{"x":0.018810512498021127,"y":0.6074879169464111,"z":0.014398118481040001,"w":-0.7939968109130859},"size":19.15974235534668,"orthographic":false}