{"cameraMode":{"drawMode":0,"name":"Shaded","section":"Shading Mode"},"sceneLighting":true,"audioPlay":false,"sceneViewState":{"showFog":false,"showMaterialUpdate":false,"showSkybox":true,"showFlares":true,"showImageEffects":true,"showParticleSystems":true},"in2DMode":false,"pivot":{"x":32.228450775146487,"y":12.04384994506836,"z":-17.69094467163086},"rotation":{"x":0.19009318947792054,"y":0.4747392535209656,"z":-0.10581649094820023,"w":0.8528385162353516},"size":8.372722625732422,"orthographic":false}