{"cameraMode":{"drawMode":0,"name":"Shaded","section":"Shading Mode"},"sceneLighting":true,"audioPlay":false,"sceneViewState":{"showFog":false,"showMaterialUpdate":false,"showSkybox":true,"showFlares":true,"showImageEffects":true,"showParticleSystems":true},"in2DMode":false,"pivot":{"x":1.3560166358947755,"y":6.604800701141357,"z":-1.3140429258346558},"rotation":{"x":-0.08727061003446579,"y":0.639714777469635,"z":-0.07344350963830948,"w":-0.7601147294044495},"size":6.527398586273193,"orthographic":false}