{"cameraMode":{"drawMode":0,"name":"Shaded","section":"Shading Mode"},"sceneLighting":true,"audioPlay":false,"sceneViewState":{"showFog":false,"showMaterialUpdate":false,"showSkybox":true,"showFlares":true,"showImageEffects":true,"showParticleSystems":true},"in2DMode":false,"pivot":{"x":75.05636596679688,"y":-5.599422454833984,"z":-31.010469436645509},"rotation":{"x":0.06015969440340996,"y":0.916010320186615,"z":-0.1499871164560318,"w":0.3672420382499695},"size":38.187774658203128,"orthographic":false}