{"cameraMode":{"drawMode":0,"name":"Shaded","section":"Shading Mode"},"sceneLighting":true,"audioPlay":false,"sceneViewState":{"showFog":false,"showMaterialUpdate":false,"showSkybox":true,"showFlares":true,"showImageEffects":true,"showParticleSystems":true},"in2DMode":false,"pivot":{"x":11.585733413696289,"y":31.458595275878908,"z":12.14708423614502},"rotation":{"x":-0.09266480803489685,"y":0.4452124536037445,"z":-0.0463830903172493,"w":-0.8894266486167908},"size":19.904441833496095,"orthographic":false}