{"cameraMode":{"drawMode":0,"name":"Shaded","section":"Shading Mode"},"sceneLighting":true,"audioPlay":false,"sceneViewState":{"showFog":false,"showMaterialUpdate":false,"showSkybox":true,"showFlares":true,"showImageEffects":true,"showParticleSystems":true},"in2DMode":false,"pivot":{"x":148.4825897216797,"y":-4.565280914306641,"z":38.02694320678711},"rotation":{"x":0.04732998460531235,"y":0.5282464027404785,"z":-0.029525769874453546,"w":0.8473561406135559},"size":59.75190353393555,"orthographic":false}