{"cameraMode":{"drawMode":0,"name":"Shaded","section":"Shading Mode"},"sceneLighting":true,"audioPlay":false,"sceneViewState":{"showFog":false,"showMaterialUpdate":false,"showSkybox":true,"showFlares":true,"showImageEffects":true,"showParticleSystems":true},"in2DMode":false,"pivot":{"x":-37.308326721191409,"y":-127.47039794921875,"z":38.44474792480469},"rotation":{"x":-0.15509487688541413,"y":0.8416606783866882,"z":-0.3228994905948639,"w":-0.40438312292099},"size":126.61199188232422,"orthographic":false}