{"cameraMode":{"drawMode":0,"name":"Shaded","section":"Shading Mode"},"sceneLighting":true,"audioPlay":false,"sceneViewState":{"showFog":false,"showMaterialUpdate":false,"showSkybox":true,"showFlares":true,"showImageEffects":true,"showParticleSystems":true},"in2DMode":false,"pivot":{"x":-3.6149215698242189,"y":24.298490524291993,"z":16.686277389526368},"rotation":{"x":-0.006871817167848349,"y":-0.9929625988006592,"z":0.07342316210269928,"w":-0.09287606179714203},"size":14.94588565826416,"orthographic":false}