{"cameraMode":{"drawMode":0,"name":"Shaded","section":"Shading Mode"},"sceneLighting":true,"audioPlay":false,"sceneViewState":{"showFog":false,"showMaterialUpdate":false,"showSkybox":true,"showFlares":true,"showImageEffects":true,"showParticleSystems":true},"in2DMode":false,"pivot":{"x":1.47015380859375,"y":1.3935585021972657,"z":-2.1785478591918947},"rotation":{"x":0.09709388762712479,"y":0.757878303527832,"z":-0.115948386490345,"w":0.6346986889839172},"size":14.532970428466797,"orthographic":false}