{"cameraMode":{"drawMode":0,"name":"Shaded","section":"Shading Mode"},"sceneLighting":true,"audioPlay":false,"sceneViewState":{"showFog":false,"showMaterialUpdate":false,"showSkybox":true,"showFlares":true,"showImageEffects":true,"showParticleSystems":true},"in2DMode":false,"pivot":{"x":-0.2441396713256836,"y":1.0875015258789063,"z":-3.9104185104370119},"rotation":{"x":0.14840161800384522,"y":-0.6730197668075562,"z":0.14050540328025819,"w":0.7108628153800964},"size":8.103812217712403,"orthographic":false}