{"cameraMode":{"drawMode":0,"name":"Shaded","section":"Shading Mode"},"sceneLighting":true,"audioPlay":false,"sceneViewState":{"showFog":false,"showMaterialUpdate":false,"showSkybox":true,"showFlares":true,"showImageEffects":true,"showParticleSystems":true},"in2DMode":false,"pivot":{"x":0.0526123046875,"y":0.451812744140625,"z":-0.248046875},"rotation":{"x":-0.09527209401130676,"y":0.7014894485473633,"z":-0.09550341963768006,"w":-0.6998103857040405},"size":9.640885353088379,"orthographic":true}