{"cameraMode":{"drawMode":0,"name":"Shaded","section":"Shading Mode"},"sceneLighting":true,"audioPlay":false,"sceneViewState":{"showFog":false,"showMaterialUpdate":false,"showSkybox":true,"showFlares":true,"showImageEffects":true,"showParticleSystems":true},"in2DMode":false,"pivot":{"x":-13.25542163848877,"y":5.080315113067627,"z":1.0522329807281495},"rotation":{"x":0.05177507922053337,"y":0.6924676895141602,"z":-0.04994387552142143,"w":0.7178562879562378},"size":1.641031265258789,"orthographic":false}