{"cameraMode":{"drawMode":0,"name":"Shaded","section":"Shading Mode"},"sceneLighting":true,"audioPlay":false,"sceneViewState":{"showFog":false,"showMaterialUpdate":false,"showSkybox":true,"showFlares":true,"showImageEffects":true,"showParticleSystems":true},"in2DMode":false,"pivot":{"x":-4.033115386962891,"y":32.347938537597659,"z":18.627904891967775},"rotation":{"x":0.025620095431804658,"y":0.11998138576745987,"z":-0.0030975164845585825,"w":0.9924455881118774},"size":19.43952178955078,"orthographic":false}