{"cameraMode":{"drawMode":0,"name":"Shaded","section":"Shading Mode"},"sceneLighting":true,"audioPlay":false,"sceneViewState":{"showFog":false,"showMaterialUpdate":false,"showSkybox":true,"showFlares":true,"showImageEffects":true,"showParticleSystems":true},"in2DMode":false,"pivot":{"x":-3.937337875366211,"y":0.7129430770874023,"z":-0.28846147656440737},"rotation":{"x":-0.19485284388065339,"y":0.6767236590385437,"z":-0.1929909884929657,"w":-0.6832524538040161},"size":9.74368667602539,"orthographic":false}