{"cameraMode":{"drawMode":0,"name":"Shaded","section":"Shading Mode"},"sceneLighting":true,"audioPlay":false,"sceneViewState":{"showFog":false,"showMaterialUpdate":false,"showSkybox":true,"showFlares":true,"showImageEffects":true,"showParticleSystems":true},"in2DMode":false,"pivot":{"x":1.9462890625,"y":1.7537879943847657,"z":-0.10043716430664063},"rotation":{"x":-0.00021771436149720103,"y":0.7090204358100891,"z":-0.00022076713503338397,"w":-0.7052043676376343},"size":7.721010208129883,"orthographic":true}