{"cameraMode":{"drawMode":0,"name":"Shaded","section":"Shading Mode"},"sceneLighting":true,"audioPlay":false,"sceneViewState":{"showFog":false,"showMaterialUpdate":false,"showSkybox":true,"showFlares":true,"showImageEffects":true,"showParticleSystems":true},"in2DMode":false,"pivot":{"x":2.5399999618530275,"y":1.7200000286102296,"z":1.5700000524520875},"rotation":{"x":-0.03780005872249603,"y":0.010145391337573529,"z":-0.0003644048410933465,"w":-0.9992697238922119},"size":10.0,"orthographic":false}