{"cameraMode":{"drawMode":0,"name":"Shaded","section":"Shading Mode"},"sceneLighting":true,"audioPlay":false,"sceneViewState":{"showFog":false,"showMaterialUpdate":false,"showSkybox":true,"showFlares":true,"showImageEffects":true,"showParticleSystems":true},"in2DMode":false,"pivot":{"x":-20.903196334838868,"y":20.289958953857423,"z":10.632871627807618},"rotation":{"x":-0.1403389722108841,"y":-0.2561717629432678,"z":0.03761935234069824,"w":-0.9556508660316467},"size":16.258331298828126,"orthographic":false}