{"cameraMode":{"drawMode":0,"name":"Shaded","section":"Shading Mode"},"sceneLighting":true,"audioPlay":false,"sceneViewState":{"showFog":false,"showMaterialUpdate":false,"showSkybox":true,"showFlares":true,"showImageEffects":true,"showParticleSystems":true},"in2DMode":false,"pivot":{"x":0.5253562927246094,"y":10.63139820098877,"z":1.142843246459961},"rotation":{"x":-0.00623333128169179,"y":0.9911340475082398,"z":-0.1228395327925682,"w":-0.05029208958148956},"size":19.431034088134767,"orthographic":false}