{"cameraMode":{"drawMode":0,"name":"Shaded","section":"Shading Mode"},"sceneLighting":true,"audioPlay":false,"sceneViewState":{"showFog":false,"showMaterialUpdate":false,"showSkybox":true,"showFlares":true,"showImageEffects":true,"showParticleSystems":true},"in2DMode":false,"pivot":{"x":-12.475728988647461,"y":3.560314178466797,"z":-1.4234380722045899},"rotation":{"x":0.07984684407711029,"y":-0.9196392297744751,"z":0.28750354051589968,"w":0.25540706515312197},"size":5.956551551818848,"orthographic":false}