{"cameraMode":{"drawMode":0,"name":"Shaded","section":"Shading Mode"},"sceneLighting":true,"audioPlay":false,"sceneViewState":{"showFog":false,"showMaterialUpdate":false,"showSkybox":true,"showFlares":true,"showImageEffects":true,"showParticleSystems":true},"in2DMode":false,"pivot":{"x":-0.252608984708786,"y":1.8370113372802735,"z":-0.5544451475143433},"rotation":{"x":-0.025568891316652299,"y":0.9646077156066895,"z":-0.10195966809988022,"w":-0.24189120531082154},"size":1.2604165077209473,"orthographic":false}