{"cameraMode":{"drawMode":0,"name":"Shaded","section":"Shading Mode"},"sceneLighting":true,"audioPlay":false,"sceneViewState":{"showFog":false,"showMaterialUpdate":false,"showSkybox":true,"showFlares":true,"showImageEffects":true,"showParticleSystems":true},"in2DMode":false,"pivot":{"x":3.3943123817443849,"y":28.838788986206056,"z":17.83444595336914},"rotation":{"x":0.020584875717759134,"y":0.9790871739387512,"z":-0.15580472350120545,"w":0.12935376167297364},"size":26.47173309326172,"orthographic":false}