{"cameraMode":{"drawMode":0,"name":"Shaded","section":"Shading Mode"},"sceneLighting":true,"audioPlay":false,"sceneViewState":{"showFog":false,"showMaterialUpdate":false,"showSkybox":true,"showFlares":true,"showImageEffects":true,"showParticleSystems":true},"in2DMode":false,"pivot":{"x":-4.171093940734863,"y":1.6181864738464356,"z":4.245072841644287},"rotation":{"x":-0.15758128464221955,"y":0.526912271976471,"z":-0.10013970732688904,"w":-0.8291609883308411},"size":7.117074489593506,"orthographic":false}