{"cameraMode":{"drawMode":0,"name":"Shaded","section":"Shading Mode"},"sceneLighting":true,"audioPlay":false,"sceneViewState":{"showFog":false,"showMaterialUpdate":false,"showSkybox":true,"showFlares":true,"showImageEffects":true,"showParticleSystems":true},"in2DMode":false,"pivot":{"x":-24.94637680053711,"y":-304.0856628417969,"z":380.35052490234377},"rotation":{"x":0.34491080045700076,"y":-0.07731390744447708,"z":0.0285198837518692,"w":0.9350110292434692},"size":297.8506774902344,"orthographic":false}