{"cameraMode":{"drawMode":0,"name":"Shaded","section":"Shading Mode"},"sceneLighting":true,"audioPlay":false,"sceneViewState":{"showFog":false,"showMaterialUpdate":false,"showSkybox":true,"showFlares":true,"showImageEffects":true,"showParticleSystems":true},"in2DMode":false,"pivot":{"x":0.6593371629714966,"y":-0.24892234802246095,"z":-5.893845558166504},"rotation":{"x":0.19991736114025117,"y":-0.019651751965284349,"z":0.004019406624138355,"w":0.9796341061592102},"size":2.5246999263763429,"orthographic":false}