{"cameraMode":{"drawMode":0,"name":"Shaded","section":"Shading Mode"},"sceneLighting":true,"audioPlay":false,"sceneViewState":{"showFog":false,"showMaterialUpdate":false,"showSkybox":true,"showFlares":true,"showImageEffects":true,"showParticleSystems":true},"in2DMode":false,"pivot":{"x":-0.0885431170463562,"y":1.269151210784912,"z":-0.288105845451355},"rotation":{"x":-0.6668626070022583,"y":-0.03193666785955429,"z":0.028627095744013788,"w":-0.74395352602005},"size":2.6926047801971437,"orthographic":false}